               epoch,      train/box_loss,      train/obj_loss,      train/cls_loss,   metrics/precision,      metrics/recall,     metrics/mAP_0.5,metrics/mAP_0.5:0.95,        val/box_loss,        val/obj_loss,        val/cls_loss,               x/lr0,               x/lr1,               x/lr2
                   0,            0.099698,            0.041091,            0.039339,             0.62331,             0.30972,              0.1396,            0.060379,            0.065016,            0.025179,            0.019438,            0.070455,           0.0032828,           0.0032828
                   1,            0.073784,            0.036433,             0.01884,             0.68039,             0.29101,             0.26086,             0.13021,            0.060026,            0.016647,           0.0086752,            0.040433,           0.0065943,           0.0065943
                   2,            0.072486,            0.028329,            0.016003,             0.26627,             0.85383,             0.42187,             0.26495,            0.052528,             0.01247,           0.0089386,            0.010389,           0.0098838,           0.0098838
                   3,            0.065406,            0.024601,            0.015107,             0.29396,             0.90442,             0.47203,             0.28367,             0.05107,             0.01092,           0.0083223,            0.009901,            0.009901,            0.009901
                   4,            0.059188,            0.021346,             0.01425,              0.2916,             0.90018,              0.5272,             0.34018,            0.044288,            0.009962,           0.0079881,            0.009901,            0.009901,            0.009901
                   5,            0.054946,            0.021035,            0.014198,             0.34066,              0.9081,             0.63388,             0.36764,            0.041431,           0.0093457,           0.0079451,            0.009868,            0.009868,            0.009868
                   6,            0.050317,            0.019799,             0.01367,             0.32996,             0.93344,             0.66175,             0.47722,            0.046921,           0.0089579,            0.007533,            0.009835,            0.009835,            0.009835
                   7,            0.046748,            0.019773,            0.013093,             0.56594,             0.79002,              0.7613,              0.5319,            0.034111,           0.0088112,           0.0072141,            0.009802,            0.009802,            0.009802
                   8,            0.046084,            0.018931,            0.011736,             0.61649,             0.85835,              0.7643,             0.59811,            0.040378,           0.0085523,           0.0075176,            0.009769,            0.009769,            0.009769
                   9,            0.044094,            0.019586,            0.011688,             0.55286,             0.84983,             0.80551,             0.60206,            0.034107,           0.0094237,           0.0057096,            0.009736,            0.009736,            0.009736
                  10,            0.043822,            0.019345,            0.010362,             0.62546,             0.85753,             0.82199,              0.6303,            0.031091,           0.0092079,           0.0052184,            0.009703,            0.009703,            0.009703
                  11,            0.042185,            0.018864,            0.010116,             0.77048,             0.87322,             0.87291,             0.68852,            0.033799,            0.009144,           0.0049373,             0.00967,             0.00967,             0.00967
                  12,            0.041529,            0.019143,            0.009565,             0.83809,             0.82702,               0.888,             0.62427,            0.035834,           0.0085946,           0.0042023,            0.009637,            0.009637,            0.009637
                  13,            0.040814,            0.017699,           0.0093893,             0.84423,             0.84971,             0.91562,             0.70134,            0.031923,           0.0084033,           0.0037916,            0.009604,            0.009604,            0.009604
                  14,            0.040444,            0.017314,           0.0088725,             0.85745,             0.89038,             0.94249,             0.67811,             0.03344,           0.0087143,           0.0038275,            0.009571,            0.009571,            0.009571
                  15,            0.038899,            0.017842,           0.0084128,             0.91935,              0.8656,             0.95605,             0.68172,            0.032072,           0.0085126,           0.0028744,            0.009538,            0.009538,            0.009538
                  16,            0.038602,            0.017819,           0.0077207,             0.86128,             0.96135,              0.9386,             0.60224,            0.034292,           0.0086458,           0.0028281,            0.009505,            0.009505,            0.009505
                  17,            0.038093,             0.01711,            0.007694,             0.95586,             0.97263,             0.98357,             0.62434,            0.032628,           0.0084161,           0.0027332,            0.009472,            0.009472,            0.009472
                  18,            0.038615,            0.017655,           0.0071606,             0.84565,              0.8496,             0.94321,             0.74179,             0.02965,           0.0086085,           0.0033203,            0.009439,            0.009439,            0.009439
                  19,            0.038166,            0.017731,           0.0070767,             0.95146,             0.95217,              0.9815,              0.7294,            0.030413,           0.0088747,           0.0024142,            0.009406,            0.009406,            0.009406
                  20,            0.037098,            0.017334,           0.0071569,             0.96611,              0.9665,             0.98134,             0.77166,            0.031089,            0.008146,           0.0020862,            0.009373,            0.009373,            0.009373
                  21,            0.036661,            0.017573,           0.0066984,             0.83001,             0.83273,             0.92048,             0.64384,            0.033203,           0.0090347,           0.0030889,             0.00934,             0.00934,             0.00934
                  22,            0.037405,            0.016667,            0.006208,             0.93608,             0.96454,               0.971,             0.72388,            0.033412,            0.008218,            0.002213,            0.009307,            0.009307,            0.009307
                  23,            0.036186,            0.016334,           0.0071283,             0.94698,             0.92746,              0.9637,             0.74912,            0.032621,           0.0083533,           0.0019977,            0.009274,            0.009274,            0.009274
                  24,            0.035979,            0.016602,           0.0061866,             0.95822,             0.94278,             0.97949,             0.73548,            0.030754,           0.0083803,           0.0019297,            0.009241,            0.009241,            0.009241
                  25,            0.035655,            0.017147,           0.0064419,             0.93793,             0.94486,             0.96822,             0.77839,            0.032651,           0.0079349,           0.0018551,            0.009208,            0.009208,            0.009208
                  26,            0.035752,            0.017571,           0.0062163,             0.95513,             0.93291,             0.98605,             0.75748,            0.030299,            0.008102,           0.0022972,            0.009175,            0.009175,            0.009175
                  27,            0.036088,            0.016898,           0.0060579,             0.83595,             0.79723,             0.89584,              0.6646,            0.033056,           0.0082853,           0.0034162,            0.009142,            0.009142,            0.009142
                  28,              0.0359,             0.01648,           0.0060142,             0.96609,             0.94313,             0.98279,             0.75149,            0.031623,           0.0083971,           0.0016611,            0.009109,            0.009109,            0.009109
                  29,            0.034846,            0.016603,           0.0059598,             0.91166,             0.95856,             0.98736,             0.73933,            0.031708,           0.0081192,           0.0027878,            0.009076,            0.009076,            0.009076
                  30,            0.034484,            0.016879,           0.0053213,             0.96533,             0.96067,             0.98712,             0.78588,            0.029998,           0.0080182,           0.0014979,            0.009043,            0.009043,            0.009043
                  31,            0.033652,            0.016632,           0.0054313,             0.95112,             0.97787,             0.98972,             0.76672,            0.030547,           0.0085565,           0.0017442,             0.00901,             0.00901,             0.00901
                  32,            0.035285,            0.016953,           0.0050475,             0.95858,             0.97731,             0.97883,             0.76354,            0.030563,           0.0081731,           0.0013111,            0.008977,            0.008977,            0.008977
                  33,            0.034627,            0.016443,           0.0061248,             0.98165,             0.98698,             0.98931,             0.80705,            0.029333,           0.0081144,            0.001248,            0.008944,            0.008944,            0.008944
                  34,             0.03389,            0.016204,           0.0059494,             0.98071,             0.98622,             0.99191,              0.7881,             0.02982,           0.0084311,           0.0013404,            0.008911,            0.008911,            0.008911
                  35,              0.0336,            0.016313,           0.0055762,             0.97241,              0.9497,             0.98573,              0.7608,            0.029246,            0.008521,           0.0014221,            0.008878,            0.008878,            0.008878
                  36,            0.034576,            0.016601,           0.0052596,             0.94413,             0.94507,             0.98403,             0.70662,            0.031837,            0.008554,           0.0015969,            0.008845,            0.008845,            0.008845
                  37,            0.033896,            0.016298,           0.0052791,             0.95803,             0.96613,              0.9886,             0.75919,            0.029504,           0.0082721,           0.0016771,            0.008812,            0.008812,            0.008812
                  38,            0.034721,            0.016024,           0.0052207,             0.96985,             0.96884,             0.98947,             0.74313,            0.028545,           0.0081424,           0.0014819,            0.008779,            0.008779,            0.008779
                  39,            0.032531,            0.016513,           0.0047653,             0.96415,             0.98061,             0.98626,             0.78974,            0.029142,           0.0085362,           0.0012964,            0.008746,            0.008746,            0.008746
                  40,            0.032983,            0.016328,            0.004622,             0.72897,             0.90259,             0.91582,             0.73679,            0.034927,            0.010752,           0.0037096,            0.008713,            0.008713,            0.008713
                  41,            0.034924,            0.016508,           0.0047856,             0.95191,             0.96727,             0.98189,             0.74523,            0.032179,           0.0083739,           0.0017672,             0.00868,             0.00868,             0.00868
                  42,            0.032971,            0.016108,            0.005108,             0.94906,             0.97652,             0.97981,             0.79733,            0.030705,           0.0080523,           0.0011192,            0.008647,            0.008647,            0.008647
                  43,            0.032673,            0.014833,           0.0049293,             0.95748,             0.96283,             0.98579,             0.80147,            0.028645,            0.008536,           0.0014175,            0.008614,            0.008614,            0.008614
                  44,            0.032092,             0.01537,           0.0051958,             0.96938,             0.93489,             0.98924,             0.80664,            0.028238,            0.008138,           0.0018092,            0.008581,            0.008581,            0.008581
                  45,            0.031611,            0.015623,           0.0045328,             0.94408,             0.93455,             0.98858,             0.76721,            0.028276,           0.0080962,           0.0018426,            0.008548,            0.008548,            0.008548
                  46,            0.033186,            0.016148,           0.0041503,             0.98097,             0.98341,             0.98776,             0.75683,            0.028388,           0.0078862,           0.0011015,            0.008515,            0.008515,            0.008515
                  47,            0.031988,            0.016087,           0.0050533,             0.97998,             0.97891,             0.98828,             0.75068,            0.028968,           0.0081629,           0.0011104,            0.008482,            0.008482,            0.008482
                  48,            0.031429,            0.015315,           0.0038221,             0.95326,             0.98736,             0.98794,              0.7999,            0.028991,           0.0080727,           0.0012115,            0.008449,            0.008449,            0.008449
                  49,             0.03207,            0.015359,           0.0041651,             0.96188,             0.97339,             0.98808,             0.81332,            0.027576,           0.0085424,           0.0012364,            0.008416,            0.008416,            0.008416
                  50,            0.032858,            0.016062,           0.0046505,             0.97085,             0.98208,             0.98955,             0.82184,            0.027696,           0.0081305,           0.0011135,            0.008383,            0.008383,            0.008383
                  51,            0.032506,            0.015037,           0.0042015,             0.97667,              0.9767,             0.98823,             0.81538,            0.028442,           0.0080262,           0.0010992,             0.00835,             0.00835,             0.00835
                  52,            0.032422,            0.015952,           0.0044069,             0.97181,             0.98578,             0.98435,              0.7879,            0.030192,           0.0084693,           0.0009167,            0.008317,            0.008317,            0.008317
                  53,            0.032836,            0.015556,           0.0046059,             0.98607,             0.98578,             0.99201,             0.76083,            0.028959,           0.0081959,           0.0011248,            0.008284,            0.008284,            0.008284
                  54,            0.031417,            0.015722,           0.0042786,             0.98286,             0.96744,             0.98686,             0.79607,            0.028053,           0.0080615,          0.00096898,            0.008251,            0.008251,            0.008251
                  55,            0.031689,            0.015645,            0.004099,             0.97066,             0.98104,             0.98581,             0.78196,            0.029204,           0.0087153,            0.001191,            0.008218,            0.008218,            0.008218
                  56,             0.03222,            0.015454,           0.0041585,             0.96756,             0.96074,              0.9874,              0.8077,            0.027771,            0.008158,           0.0014251,            0.008185,            0.008185,            0.008185
                  57,            0.032056,            0.014882,           0.0041947,             0.95864,             0.97184,              0.9863,             0.77858,            0.028693,           0.0083644,           0.0013546,            0.008152,            0.008152,            0.008152
                  58,            0.031221,            0.015057,           0.0038379,             0.98598,             0.98877,             0.98717,             0.75877,            0.029036,            0.008145,          0.00088249,            0.008119,            0.008119,            0.008119
                  59,            0.031607,            0.016245,           0.0039907,             0.98209,              0.9794,             0.98897,             0.79385,            0.027708,           0.0084004,          0.00091506,            0.008086,            0.008086,            0.008086
                  60,            0.031276,             0.01595,           0.0042781,             0.97978,             0.98308,             0.99101,             0.79003,            0.029039,           0.0079413,          0.00095856,            0.008053,            0.008053,            0.008053
                  61,            0.030465,            0.015697,           0.0040276,             0.98834,             0.98549,             0.99288,             0.81259,            0.028233,           0.0078127,          0.00084583,             0.00802,             0.00802,             0.00802
                  62,            0.032294,            0.014462,           0.0042941,             0.98691,             0.99054,             0.99252,             0.82192,            0.027948,            0.008097,           0.0010239,            0.007987,            0.007987,            0.007987
                  63,            0.031757,            0.015071,           0.0040277,              0.9696,             0.98328,             0.98997,             0.80676,            0.027955,           0.0080565,            0.001136,            0.007954,            0.007954,            0.007954
                  64,            0.031129,            0.015699,            0.003668,             0.98626,             0.98815,             0.99048,             0.81856,            0.028338,           0.0084878,          0.00093217,            0.007921,            0.007921,            0.007921
                  65,            0.030678,            0.015531,           0.0035728,             0.96704,             0.97784,             0.98883,             0.78616,             0.02918,           0.0081492,           0.0011787,            0.007888,            0.007888,            0.007888
                  66,            0.030823,            0.015009,           0.0039776,             0.98382,             0.98604,             0.99181,             0.80221,            0.028313,           0.0081649,          0.00092141,            0.007855,            0.007855,            0.007855
                  67,            0.029896,            0.014656,           0.0038882,             0.98233,             0.98856,             0.99357,             0.80361,             0.02909,           0.0079334,          0.00078741,            0.007822,            0.007822,            0.007822
                  68,            0.029958,            0.014946,           0.0039425,             0.96404,             0.96501,             0.98507,             0.76198,            0.029812,           0.0083368,            0.001232,            0.007789,            0.007789,            0.007789
                  69,            0.031799,             0.01512,           0.0035018,             0.96596,             0.97869,             0.98837,             0.75635,            0.030785,           0.0085138,           0.0013123,            0.007756,            0.007756,            0.007756
                  70,            0.030309,            0.014682,           0.0040013,             0.97218,             0.99045,             0.99358,             0.78193,            0.028859,           0.0082523,            0.001314,            0.007723,            0.007723,            0.007723
                  71,            0.029841,            0.014183,           0.0037019,             0.98951,             0.98724,             0.99303,             0.78255,            0.028426,           0.0082921,          0.00078071,             0.00769,             0.00769,             0.00769
                  72,            0.030157,            0.015225,           0.0035149,              0.9869,             0.99091,             0.99381,             0.81169,            0.027813,           0.0083033,          0.00085312,            0.007657,            0.007657,            0.007657
                  73,            0.029926,            0.015311,           0.0036429,             0.98682,               0.992,             0.99421,             0.81302,             0.02758,           0.0081648,          0.00092012,            0.007624,            0.007624,            0.007624
                  74,            0.031376,            0.015097,            0.003864,             0.98506,             0.98875,             0.99236,             0.80158,            0.028729,           0.0081973,           0.0010183,            0.007591,            0.007591,            0.007591
                  75,            0.030364,            0.016071,           0.0038675,             0.98828,             0.97867,             0.99081,             0.78026,            0.029529,           0.0081001,          0.00094978,            0.007558,            0.007558,            0.007558
                  76,            0.030746,            0.015128,           0.0038421,             0.98919,             0.98876,             0.99249,             0.82155,            0.028965,           0.0078532,          0.00083341,            0.007525,            0.007525,            0.007525
                  77,            0.030391,            0.014753,           0.0038341,             0.98802,             0.98529,              0.9893,             0.83309,            0.028132,           0.0080771,          0.00083625,            0.007492,            0.007492,            0.007492
                  78,            0.030147,            0.015282,           0.0037132,             0.98807,             0.98815,             0.98913,             0.79822,            0.027923,           0.0082202,          0.00074425,            0.007459,            0.007459,            0.007459
                  79,            0.029657,            0.015134,           0.0034722,              0.9833,             0.98471,             0.98923,             0.80746,            0.028658,           0.0084128,           0.0008086,            0.007426,            0.007426,            0.007426
                  80,            0.028939,            0.014258,           0.0037602,             0.98138,             0.98861,             0.98769,              0.8238,            0.028826,           0.0086043,          0.00088147,            0.007393,            0.007393,            0.007393
                  81,            0.029204,            0.015045,           0.0036364,              0.9797,               0.989,              0.9893,              0.8168,            0.028352,           0.0081722,          0.00082189,             0.00736,             0.00736,             0.00736
                  82,            0.030131,            0.015024,           0.0034359,             0.98955,             0.98422,             0.98706,             0.78755,             0.02999,           0.0084268,          0.00090822,            0.007327,            0.007327,            0.007327
                  83,            0.029644,            0.014626,            0.003115,             0.98391,             0.98487,               0.993,             0.79117,            0.027698,            0.008433,           0.0009648,            0.007294,            0.007294,            0.007294
                  84,            0.029174,            0.015465,           0.0042589,              0.9868,             0.99366,             0.99241,             0.78833,            0.028761,           0.0082541,          0.00072346,            0.007261,            0.007261,            0.007261
                  85,            0.030255,            0.015164,           0.0032678,             0.93393,             0.97825,             0.99191,             0.81368,            0.029617,           0.0082041,          0.00096938,            0.007228,            0.007228,            0.007228
                  86,            0.029817,            0.015363,           0.0034589,             0.98408,             0.99101,             0.99072,             0.81309,            0.028169,           0.0082322,          0.00077551,            0.007195,            0.007195,            0.007195
                  87,            0.029746,            0.014225,           0.0036667,             0.89913,             0.94326,             0.99057,             0.81288,            0.028355,           0.0083669,           0.0020026,            0.007162,            0.007162,            0.007162
                  88,            0.030003,            0.014684,           0.0033968,             0.98919,              0.9846,             0.99037,              0.8253,            0.028217,           0.0079633,           0.0007694,            0.007129,            0.007129,            0.007129
                  89,            0.029837,            0.014999,           0.0034083,             0.98836,             0.98697,              0.9907,             0.81652,             0.02806,           0.0083679,          0.00077872,            0.007096,            0.007096,            0.007096
                  90,            0.028839,            0.014497,           0.0034959,             0.99049,             0.97837,             0.98869,             0.78619,            0.028315,           0.0079214,          0.00074536,            0.007063,            0.007063,            0.007063
                  91,            0.029358,            0.014182,            0.003812,             0.96533,             0.97361,             0.97687,             0.77486,            0.029524,           0.0081065,           0.0011015,             0.00703,             0.00703,             0.00703
                  92,            0.028779,            0.014445,            0.003037,             0.97608,             0.96647,             0.98545,             0.81535,            0.028994,           0.0088418,          0.00087176,            0.006997,            0.006997,            0.006997
                  93,            0.029518,             0.01528,            0.003364,             0.97152,             0.98697,             0.98686,             0.80379,            0.028319,           0.0085139,          0.00098241,            0.006964,            0.006964,            0.006964
                  94,            0.028725,            0.014471,           0.0030518,             0.98599,             0.98697,             0.99189,             0.79765,            0.028691,           0.0088853,          0.00077149,            0.006931,            0.006931,            0.006931
                  95,            0.029407,            0.013888,            0.003217,             0.98713,             0.98223,             0.99078,             0.80948,            0.028267,            0.008168,          0.00062443,            0.006898,            0.006898,            0.006898
                  96,            0.029507,            0.015513,           0.0033423,             0.98505,             0.98697,             0.98956,             0.81688,            0.028436,           0.0083716,          0.00066975,            0.006865,            0.006865,            0.006865
                  97,            0.028642,            0.014519,           0.0032353,             0.98492,             0.98341,             0.98749,              0.8095,            0.028319,           0.0083488,          0.00065897,            0.006832,            0.006832,            0.006832
                  98,            0.029054,            0.014548,           0.0033267,             0.98457,             0.98006,             0.98836,             0.81466,            0.028687,           0.0084804,          0.00063526,            0.006799,            0.006799,            0.006799
                  99,            0.028927,            0.015159,            0.003111,             0.97432,             0.98121,              0.9905,               0.825,            0.027752,           0.0083228,          0.00086933,            0.006766,            0.006766,            0.006766
                 100,            0.028496,            0.013388,           0.0033952,             0.98166,              0.9846,             0.98973,              0.8192,            0.028814,            0.008188,          0.00066169,            0.006733,            0.006733,            0.006733
                 101,            0.028544,            0.015062,           0.0033736,             0.98714,             0.98873,             0.99068,             0.81675,            0.028232,           0.0081262,          0.00062168,              0.0067,              0.0067,              0.0067
                 102,            0.029487,            0.014819,           0.0028011,             0.98745,             0.98172,             0.99212,             0.81618,            0.028949,           0.0086852,           0.0007289,            0.006667,            0.006667,            0.006667
                 103,            0.027771,            0.013779,           0.0033486,             0.98825,             0.98339,             0.99041,             0.81996,            0.028145,           0.0082537,          0.00073132,            0.006634,            0.006634,            0.006634
                 104,            0.028016,            0.014638,           0.0033162,             0.98663,             0.97392,             0.99057,             0.81621,            0.028399,           0.0084182,           0.0007956,            0.006601,            0.006601,            0.006601
                 105,             0.02885,            0.014506,           0.0034336,             0.98671,             0.98934,             0.99077,             0.79111,            0.028556,           0.0081315,          0.00064407,            0.006568,            0.006568,            0.006568
                 106,            0.028498,            0.014767,           0.0032811,             0.98613,             0.99044,             0.98956,             0.79551,            0.029002,           0.0080203,          0.00064001,            0.006535,            0.006535,            0.006535
                 107,            0.027982,            0.014008,           0.0032397,             0.98874,             0.98891,             0.98959,              0.8328,            0.027955,           0.0078583,           0.0006754,            0.006502,            0.006502,            0.006502
                 108,            0.027322,            0.014065,           0.0028194,             0.98632,             0.98181,             0.98839,             0.81331,            0.028932,           0.0085251,          0.00063453,            0.006469,            0.006469,            0.006469
                 109,            0.028043,              0.0143,           0.0030719,             0.98126,             0.98353,             0.99118,             0.78584,            0.028054,           0.0081917,          0.00078336,            0.006436,            0.006436,            0.006436
                 110,            0.027938,            0.014957,           0.0028689,             0.97136,             0.97462,             0.98431,              0.7877,            0.028632,           0.0083094,           0.0010888,            0.006403,            0.006403,            0.006403
                 111,            0.028086,            0.015094,           0.0031065,             0.98197,             0.98717,             0.98967,             0.80668,            0.028425,           0.0082349,          0.00063287,             0.00637,             0.00637,             0.00637
                 112,            0.028337,            0.014309,           0.0034123,             0.98742,             0.99052,             0.99172,             0.80722,            0.028116,           0.0081782,          0.00058311,            0.006337,            0.006337,            0.006337
                 113,            0.027961,            0.013806,           0.0033387,             0.98426,             0.98697,             0.98712,             0.80237,            0.028529,           0.0082116,          0.00060252,            0.006304,            0.006304,            0.006304
                 114,            0.027202,            0.013624,            0.003393,             0.98258,             0.98719,             0.98888,             0.81514,            0.028493,           0.0087313,          0.00073652,            0.006271,            0.006271,            0.006271
                 115,            0.027807,            0.013911,           0.0029649,             0.98012,             0.97502,              0.9874,              0.7815,            0.029752,           0.0087339,          0.00081789,            0.006238,            0.006238,            0.006238
                 116,            0.027486,            0.014569,           0.0028712,             0.98826,              0.9846,             0.98583,             0.79937,            0.028536,           0.0088217,          0.00061785,            0.006205,            0.006205,            0.006205
                 117,             0.02755,            0.014984,           0.0029165,             0.98794,             0.98943,             0.99224,             0.81428,            0.028266,           0.0083317,          0.00073804,            0.006172,            0.006172,            0.006172
                 118,            0.027336,            0.013989,           0.0028673,             0.98611,             0.98934,             0.99246,             0.81166,            0.028698,           0.0083826,          0.00061074,            0.006139,            0.006139,            0.006139
                 119,              0.0275,            0.014329,           0.0032795,             0.98838,             0.98827,             0.99328,              0.8106,            0.029167,           0.0082869,          0.00056031,            0.006106,            0.006106,            0.006106
                 120,            0.028243,            0.014991,            0.003027,              0.9886,              0.9846,             0.98786,             0.80156,            0.028393,           0.0081305,          0.00056024,            0.006073,            0.006073,            0.006073
                 121,            0.027459,            0.013992,           0.0029834,             0.97932,             0.97675,             0.98703,             0.80433,            0.028669,           0.0084886,           0.0006702,             0.00604,             0.00604,             0.00604
                 122,             0.02683,            0.013542,           0.0029202,             0.98343,             0.98249,              0.9833,             0.80006,            0.029087,           0.0083378,          0.00068931,            0.006007,            0.006007,            0.006007
                 123,            0.026969,            0.014431,           0.0030357,             0.97768,             0.99168,              0.9915,             0.81084,            0.027887,           0.0081514,          0.00072942,            0.005974,            0.005974,            0.005974
                 124,            0.026397,            0.013949,           0.0030162,             0.98327,             0.98171,             0.98452,             0.80354,            0.027921,            0.008305,          0.00059791,            0.005941,            0.005941,            0.005941
                 125,             0.02682,            0.014363,           0.0033319,             0.98646,             0.98464,             0.98762,             0.81422,            0.028297,           0.0080607,          0.00057981,            0.005908,            0.005908,            0.005908
                 126,            0.027197,            0.013707,           0.0030953,             0.98805,             0.97867,             0.98505,             0.80127,            0.028545,           0.0084246,          0.00064451,            0.005875,            0.005875,            0.005875
                 127,            0.026165,            0.013966,           0.0027391,             0.98878,             0.98815,             0.99045,             0.81015,            0.028272,           0.0083642,          0.00066471,            0.005842,            0.005842,            0.005842
                 128,            0.026885,             0.01421,           0.0030157,             0.98991,             0.99127,             0.99396,             0.78764,             0.02857,           0.0082881,          0.00062191,            0.005809,            0.005809,            0.005809
                 129,             0.02672,            0.013776,           0.0027446,             0.98714,             0.98771,             0.99202,             0.79376,            0.027971,           0.0083616,          0.00066474,            0.005776,            0.005776,            0.005776
                 130,            0.026955,            0.014162,           0.0029606,              0.9843,             0.98818,             0.98979,             0.80367,            0.028927,           0.0082652,          0.00067224,            0.005743,            0.005743,            0.005743
                 131,            0.027417,            0.014269,            0.002983,             0.97441,             0.98146,             0.98508,             0.77464,            0.029067,           0.0082391,          0.00055071,             0.00571,             0.00571,             0.00571
                 132,            0.026419,            0.013741,            0.003104,              0.9885,             0.99052,             0.99037,             0.79321,            0.028881,           0.0083992,          0.00053986,            0.005677,            0.005677,            0.005677
                 133,            0.026486,            0.013944,           0.0031767,             0.98429,              0.9846,             0.98484,             0.79749,            0.029312,           0.0085854,          0.00063692,            0.005644,            0.005644,            0.005644
                 134,            0.026035,             0.01326,           0.0030589,              0.9891,             0.99094,             0.99341,             0.80682,            0.028125,           0.0085258,          0.00071376,            0.005611,            0.005611,            0.005611
                 135,            0.025761,            0.013857,           0.0030092,             0.98966,             0.98816,             0.99344,             0.80974,            0.028032,           0.0086734,          0.00068453,            0.005578,            0.005578,            0.005578
                 136,            0.026036,            0.013499,           0.0029372,             0.97988,             0.96544,             0.98658,             0.80129,            0.028131,           0.0085216,          0.00086078,            0.005545,            0.005545,            0.005545
                 137,             0.02608,            0.013867,           0.0028058,             0.98852,              0.9863,             0.99157,             0.81805,            0.028122,           0.0085855,          0.00062334,            0.005512,            0.005512,            0.005512
                 138,            0.026078,            0.013519,           0.0027502,             0.98978,             0.98934,             0.99267,             0.81382,            0.028198,           0.0086938,          0.00073357,            0.005479,            0.005479,            0.005479
                 139,            0.026987,            0.014519,            0.002653,             0.98556,             0.98521,             0.99199,             0.80218,            0.028502,           0.0085578,          0.00082465,            0.005446,            0.005446,            0.005446
                 140,            0.026464,             0.01373,           0.0026401,             0.98298,             0.98395,             0.98532,             0.80427,            0.028256,           0.0088185,          0.00066679,            0.005413,            0.005413,            0.005413
                 141,            0.025492,            0.013026,           0.0026036,             0.99069,              0.9889,             0.99217,             0.81202,             0.02827,           0.0085781,          0.00057316,             0.00538,             0.00538,             0.00538
                 142,            0.025826,            0.012979,           0.0031295,             0.98766,             0.97822,              0.9883,              0.7915,            0.028807,            0.008495,          0.00059247,            0.005347,            0.005347,            0.005347
                 143,            0.027098,            0.013609,           0.0028177,             0.97604,             0.98752,             0.98531,              0.7999,            0.029344,           0.0083018,          0.00083112,            0.005314,            0.005314,            0.005314
                 144,             0.02604,            0.012853,           0.0027825,             0.98145,             0.98171,             0.98086,             0.81197,            0.029008,           0.0089495,          0.00065761,            0.005281,            0.005281,            0.005281
                 145,            0.026129,            0.013447,           0.0031202,             0.98488,              0.9876,             0.98282,             0.80174,            0.029186,           0.0087706,          0.00065102,            0.005248,            0.005248,            0.005248
                 146,            0.025206,             0.01347,           0.0027796,             0.98299,             0.98232,             0.98754,             0.83325,            0.027925,           0.0084438,          0.00088017,            0.005215,            0.005215,            0.005215
                 147,            0.025704,            0.013907,           0.0026864,             0.98615,             0.98766,             0.98472,             0.81038,            0.028994,            0.008432,          0.00080025,            0.005182,            0.005182,            0.005182
                 148,            0.024797,            0.013042,           0.0028591,              0.9875,             0.98545,              0.9863,             0.78999,            0.029741,           0.0081471,          0.00066142,            0.005149,            0.005149,            0.005149
                 149,            0.025663,            0.013309,           0.0030181,             0.98886,             0.98442,             0.98899,             0.80251,            0.029467,           0.0084721,          0.00067785,            0.005116,            0.005116,            0.005116
                 150,            0.025566,            0.013377,           0.0027195,             0.98758,             0.98959,             0.99185,             0.81658,            0.028774,           0.0086656,          0.00064996,            0.005083,            0.005083,            0.005083
                 151,            0.024987,            0.014091,            0.003056,              0.9843,             0.97921,              0.9821,             0.81721,            0.030292,           0.0086187,          0.00065113,             0.00505,             0.00505,             0.00505
                 152,            0.025219,            0.013246,           0.0024365,             0.98219,             0.99171,              0.9912,             0.82798,            0.028756,           0.0087142,          0.00069994,            0.005017,            0.005017,            0.005017
                 153,            0.025017,             0.01299,           0.0027642,             0.98446,             0.98915,             0.99066,             0.80961,            0.029176,           0.0088159,          0.00061623,            0.004984,            0.004984,            0.004984
                 154,            0.025039,            0.012552,           0.0024011,             0.98732,              0.9851,             0.98664,              0.8026,            0.029091,           0.0085512,          0.00059799,            0.004951,            0.004951,            0.004951
                 155,            0.024666,            0.013519,           0.0024671,             0.98972,             0.99027,             0.99111,             0.80412,            0.028772,            0.008285,          0.00058026,            0.004918,            0.004918,            0.004918
                 156,            0.024279,             0.01287,           0.0026338,             0.98715,             0.99114,             0.99055,             0.81541,            0.029241,           0.0086545,          0.00057191,            0.004885,            0.004885,            0.004885
                 157,            0.025432,            0.013705,           0.0027464,             0.98672,              0.9846,             0.98982,             0.82412,            0.028765,            0.008771,            0.001013,            0.004852,            0.004852,            0.004852
                 158,            0.025177,            0.013182,           0.0025964,             0.98557,             0.98773,             0.98866,             0.79839,            0.029149,           0.0086383,          0.00071302,            0.004819,            0.004819,            0.004819
                 159,            0.024527,            0.012946,           0.0024335,             0.98479,             0.98697,              0.9824,             0.79196,            0.029268,           0.0089895,          0.00068844,            0.004786,            0.004786,            0.004786
                 160,            0.024391,            0.013755,           0.0025152,             0.98624,              0.9846,             0.99003,             0.81432,            0.028689,           0.0085122,          0.00060089,            0.004753,            0.004753,            0.004753
                 161,            0.025025,            0.013339,           0.0024488,             0.98165,             0.98578,              0.9848,             0.81108,            0.028634,           0.0086038,          0.00051394,             0.00472,             0.00472,             0.00472
                 162,             0.02472,            0.012555,           0.0025411,             0.98362,             0.98243,             0.98444,             0.80935,             0.02762,           0.0086925,          0.00062189,            0.004687,            0.004687,            0.004687
                 163,             0.02501,            0.013262,           0.0028995,             0.98349,             0.98339,             0.98392,             0.81426,            0.027836,           0.0086492,           0.0011754,            0.004654,            0.004654,            0.004654
                 164,            0.024831,            0.013193,            0.002279,             0.98617,             0.98225,              0.9869,              0.8189,            0.027679,           0.0089024,           0.0010671,            0.004621,            0.004621,            0.004621
                 165,            0.024398,            0.012722,            0.002666,             0.98929,              0.9892,             0.98892,              0.8187,            0.028107,            0.008921,          0.00084097,            0.004588,            0.004588,            0.004588
                 166,            0.024109,            0.013174,           0.0028379,             0.98383,             0.98332,             0.98662,             0.81546,            0.028662,           0.0088209,           0.0015573,            0.004555,            0.004555,            0.004555
                 167,            0.024305,            0.012864,           0.0024959,             0.98365,             0.98314,             0.98303,             0.80003,            0.029694,           0.0088639,          0.00080745,            0.004522,            0.004522,            0.004522
                 168,            0.024566,             0.01327,            0.002757,             0.98794,             0.98493,             0.98925,             0.79916,            0.029841,           0.0089021,          0.00085991,            0.004489,            0.004489,            0.004489
                 169,            0.023541,            0.013441,           0.0024668,             0.98692,             0.98271,             0.98351,             0.80347,            0.029463,           0.0086915,          0.00064815,            0.004456,            0.004456,            0.004456
                 170,            0.024286,            0.012815,           0.0023808,             0.98006,             0.98065,             0.97922,             0.80876,            0.029759,           0.0089346,          0.00089893,            0.004423,            0.004423,            0.004423
                 171,            0.023236,            0.012629,           0.0022488,             0.98463,             0.98418,             0.98476,             0.80264,            0.029058,           0.0087814,          0.00057866,             0.00439,             0.00439,             0.00439
                 172,             0.02367,            0.013377,           0.0026168,             0.97877,             0.97986,             0.98264,             0.81029,            0.030108,             0.00893,          0.00065991,            0.004357,            0.004357,            0.004357
                 173,            0.023522,            0.013072,           0.0023182,             0.98565,             0.98342,             0.98567,             0.81684,            0.029986,           0.0089838,          0.00069355,            0.004324,            0.004324,            0.004324
                 174,            0.023609,            0.013254,           0.0021139,             0.98192,             0.98246,             0.98486,             0.79467,            0.030232,           0.0086544,          0.00084923,            0.004291,            0.004291,            0.004291
                 175,            0.022904,            0.012311,           0.0023776,             0.97771,              0.9846,             0.98451,             0.81437,            0.029477,           0.0090107,          0.00079382,            0.004258,            0.004258,            0.004258
                 176,            0.022964,            0.012331,           0.0025828,             0.98549,             0.98223,             0.98481,             0.80827,            0.029335,            0.009094,          0.00080112,            0.004225,            0.004225,            0.004225
                 177,            0.024221,            0.012712,           0.0023793,             0.98444,             0.98621,             0.98798,             0.80894,            0.030057,           0.0089849,          0.00087559,            0.004192,            0.004192,            0.004192
